column,dtype,rows,missing_rows,unique_values,zero_rows,min,median,p95,p99,max
date,object,23328,0,23328,,,,,,
Usage_kWh,float64,23328,0,3146,0,2.48,4.75,102.02,124.60029999999995,153.14
Lagging_Current_Reactive.Power_kVarh,float64,23328,0,1871,4710,0.0,4.9,48.1,63.65,96.91
Leading_Current_Reactive_Power_kVarh,float64,23328,0,760,16067,0.0,0.0,23.819499999999934,26.6,27.76
CO2(tCO2),float64,23328,0,8,13610,0.0,0.0,0.05,0.06,0.07
Lagging_Current_Power_Factor,float64,23328,0,4519,0,40.05,88.94,100.0,100.0,100.0
Leading_Current_Power_Factor,float64,23328,0,2773,0,12.5,100.0,100.0,100.0,100.0
NSM,int64,23328,0,96,243,0.0,42750.0,81900.0,85500.0,85500.0
WeekStatus,object,23328,0,2,,,,,,
Day_of_week,object,23328,0,7,,,,,,
Load_Type,object,23328,0,3,,,,,,
