,usage_lag_0,usage_lag_1,usage_lag_4,usage_lag_96,usage_lag_672,usage_sum_last_1h,usage_mean_last_4h,usage_std_last_4h,usage_mean_last_24h,usage_max_last_24h,forecast_hour_sin,forecast_hour_cos,forecast_weekday_sin,forecast_weekday_cos,forecast_is_weekend,target_next_60m_kWh
usage_lag_0,1.0,0.9075900529463197,0.6850144840807574,0.6076604162576054,0.6656524825927972,0.9248851732596833,0.723488853644391,0.6551299565336893,0.3745948891510292,0.3864865674611519,-0.3426836895525352,-0.4123975560003241,0.22564939882039906,-0.0627457209664685,-0.2978675917561715,0.8415337811349264
usage_lag_1,0.9075900529463197,1.0,0.7574394628321611,0.5820354810849028,0.6363347455742465,0.9646180902396471,0.7663534910800568,0.6532220753055982,0.3820645965244993,0.390484277097054,-0.3689292380441242,-0.3890995137131169,0.2251946041276507,-0.0630854064069363,-0.29684234757018085,0.7710192214684801
usage_lag_4,0.6850144840807574,0.7574394628321611,1.0,0.44074779195164127,0.48021451870921444,0.8415339235824609,0.8484353809404047,0.6467149260770917,0.4005818456761832,0.3952960242922397,-0.4377726108636365,-0.3096371199773071,0.22369758678479068,-0.06406713208715996,-0.29429967185125333,0.6257020127091827
usage_lag_96,0.6076604162576054,0.5820354810849028,0.44074779195164127,1.0,0.5176752371637741,0.586286643894673,0.4645185327428724,0.45424355725034954,0.36819957311495044,0.3230206856957859,-0.3414460634367836,-0.41046302964616727,0.09117553593444809,-0.21930798005220792,-0.055207371498564035,0.5285090240715946
usage_lag_672,0.6656524825927972,0.6363347455742465,0.48021451870921444,0.5176752371637741,1.0,0.6396686197219602,0.5021043372522609,0.48264265787757044,0.19509788833897113,0.235648190036073,-0.34154127700691406,-0.41199046298719666,0.22713224947941668,-0.07127213496423167,-0.2983150076276807,0.5877656820708012
usage_sum_last_1h,0.9248851732596833,0.9646180902396471,0.8415339235824609,0.586286643894673,0.6396686197219602,1.0,0.8255382589422706,0.6902881475604972,0.40762248984584726,0.4138478186785678,-0.4026942083320698,-0.3977870321262853,0.23811073736618804,-0.06700041481492425,-0.3138512340889617,0.7907455052644661
usage_mean_last_4h,0.723488853644391,0.7663534910800568,0.8484353809404047,0.4645185327428724,0.5021043372522609,0.8255382589422706,1.0,0.7554999619239235,0.5040507802169923,0.4807923675645396,-0.5766265449274061,-0.23482284729739372,0.26819262636294994,-0.08253892923357717,-0.3502599180652304,0.6489733308543535
usage_std_last_4h,0.6551299565336893,0.6532220753055982,0.6467149260770917,0.45424355725034954,0.48264265787757044,0.6902881475604972,0.7554999619239235,1.0,0.4240933210233103,0.48786476083002217,-0.37651455849147947,-0.31903725584941095,0.25249037246451034,-0.08488873646684052,-0.32257877266436824,0.6493999728411325
usage_mean_last_24h,0.3745948891510292,0.3820645965244993,0.4005818456761832,0.36819957311495044,0.19509788833897113,0.40762248984584726,0.5040507802169923,0.4240933210233103,1.0,0.8260022129694137,-0.0021370312913249353,0.000500780593975903,0.3198404102319335,-0.3580705487613822,-0.32247772067690195,0.37549621602996663
usage_max_last_24h,0.3864865674611519,0.390484277097054,0.3952960242922397,0.3230206856957859,0.235648190036073,0.4138478186785678,0.4807923675645396,0.48786476083002217,0.8260022129694137,1.0,-0.03651476828700373,-0.07889170348942944,0.3403811463154996,-0.27957858921236606,-0.37077875678214656,0.38673050157737987
forecast_hour_sin,-0.3426836895525352,-0.3689292380441242,-0.4377726108636365,-0.3414460634367836,-0.34154127700691406,-0.4026942083320698,-0.5766265449274061,-0.37651455849147947,-0.0021370312913249353,-0.03651476828700373,1.0,3.408819391745099e-05,-1.5273447678287345e-05,-3.097476824128305e-05,-1.5211447854681887e-05,-0.28598612194729106
forecast_hour_cos,-0.4123975560003241,-0.3890995137131169,-0.3096371199773071,-0.41046302964616727,-0.41199046298719666,-0.3977870321262853,-0.23482284729739372,-0.31903725584941095,0.000500780593975903,-0.07889170348942944,3.408819391745099e-05,1.0,0.00011669730036842808,0.0001470776542186307,0.0001544708917709139,-0.4884648309943277
forecast_weekday_sin,0.22564939882039906,0.2251946041276507,0.22369758678479068,0.09117553593444809,0.22713224947941668,0.23811073736618804,0.26819262636294994,0.25249037246451034,0.3198404102319335,0.3403811463154996,-1.5273447678287345e-05,0.00011669730036842808,1.0,0.002213945827399774,-0.7825734322865143,0.2396664253478724
forecast_weekday_cos,-0.0627457209664685,-0.0630854064069363,-0.06406713208715996,-0.21930798005220792,-0.07127213496423167,-0.06700041481492425,-0.08253892923357717,-0.08488873646684052,-0.3580705487613822,-0.27957858921236606,-3.097476824128305e-05,0.0001470776542186307,0.002213945827399774,1.0,0.17770413728786677,-0.0652572530201978
forecast_is_weekend,-0.2978675917561715,-0.29684234757018085,-0.29429967185125333,-0.055207371498564035,-0.2983150076276807,-0.3138512340889617,-0.3502599180652304,-0.32257877266436824,-0.32247772067690195,-0.37077875678214656,-1.5211447854681887e-05,0.0001544708917709139,-0.7825734322865143,0.17770413728786677,1.0,-0.3164831701763638
target_next_60m_kWh,0.8415337811349264,0.7710192214684801,0.6257020127091827,0.5285090240715946,0.5877656820708012,0.7907455052644661,0.6489733308543535,0.6493999728411325,0.37549621602996663,0.38673050157737987,-0.28598612194729106,-0.4884648309943277,0.2396664253478724,-0.0652572530201978,-0.3164831701763638,1.0
